insert into app_user (id, username, password, role) values (1,'admin','{noop}admin','ADMIN');
insert into app_user (id, username, password, role) values (2,'user','{noop}user','USER');
insert into app_user (id, username, password, role) values (3,'carlos','{noop}pass123','USER');
alter sequence app_user_seq restart with 4;

insert into cliente (id_cliente, nombre, apellidos, email, telefono, direccion, ciudad, codigo_postal, pais, fecha_registro, activo, user_id) values (1,'admin','admin','admin@gmail.com','600111222','Calle Real 12','Sevilla','41001','España','2026-05-01',true,1);
insert into cliente (id_cliente, nombre, apellidos, email, telefono, direccion, ciudad, codigo_postal, pais, fecha_registro, activo, user_id) values (2,'user','user','user@gmail.com','611222333','Avenida Sol 45','Madrid','28001','España','2026-05-02',true,2);
insert into cliente (id_cliente, nombre, apellidos, email, telefono, direccion, ciudad, codigo_postal, pais, fecha_registro, activo, user_id) values (3,'Carlos','Ruiz','carlos@gmail.com','622333444','Plaza España 7','Valencia','46001','España','2026-05-03',false,3);
alter sequence cliente_seq restart with 4;

insert into pedido (id_pedido, codigo, fecha, total, estado, metodo_pago, direccion_envio, cliente_id) values (1,'PED-001','2026-05-10',59.99,'PENDIENTE','Tarjeta','Calle Real 12, Sevilla',1);
insert into pedido (id_pedido, codigo, fecha, total, estado, metodo_pago, direccion_envio, cliente_id) values (2,'PED-002','2026-05-11',18.50,'ENVIADO','PayPal','Avenida Sol 45, Madrid',2);
insert into pedido (id_pedido, codigo, fecha, total, estado, metodo_pago, direccion_envio, cliente_id) values (3,'PED-003','2026-05-12',35.75,'ENTREGADO','Transferencia','Plaza España 7, Valencia',3);
alter sequence pedido_seq restart with 4;

insert into libro (isbn, titulo, autor, editorial, anio_publicacion, genero, idioma, numero_paginas, precio, descuento, stock, descripcion, imagen_url, disponible) values ('9788408274129','El Problema de los Tres Cuerpos','Liu Cixin','Nova',2022,'Ciencia Ficción','Español',416,22.95,10,15,'Una novela de ciencia ficción sobre el primer contacto con una civilización extraterrestre.','https://m.media-amazon.com/images/I/51rP8+IANzL.jpg',true);
insert into libro (isbn, titulo, autor, editorial, anio_publicacion, genero, idioma, numero_paginas, precio, descuento, stock, descripcion, imagen_url, disponible) values ('9788445006547','1984','George Orwell','Minotauro',2021,'Distopía','Español',352,14.95,0,20,'Una crítica al totalitarismo y la vigilancia extrema.','https://m.media-amazon.com/images/I/51rXrmHv51L.jpg',true);
insert into libro (isbn, titulo, autor, editorial, anio_publicacion, genero, idioma, numero_paginas, precio, descuento, stock, descripcion, imagen_url, disponible) values ('9788466353771','Harry Potter y la piedra filosofal','J.K. Rowling','Salamandra',2019,'Fantasía','Español',256,18.50,15,30,'La primera aventura del joven mago Harry Potter.','https://m.media-amazon.com/images/I/51eylUrzhYL.jpg',true);
insert into libro (isbn, titulo, autor, editorial, anio_publicacion, genero, idioma, numero_paginas, precio, descuento, stock, descripcion, imagen_url, disponible) values ('9788466356918','Dune','Frank Herbert','Debolsillo',2021,'Ciencia Ficción','Español',784,16.95,0,18,'Una epopeya de intriga, poder y supervivencia en el planeta Arrakis.','https://images3.penguinrandomhouse.com/cover/9780593640333',true);
insert into libro (isbn, titulo, autor, editorial, anio_publicacion, genero, idioma, numero_paginas, precio, descuento, stock, descripcion, imagen_url, disponible) values ('9788445071415','El Hobbit','J.R.R. Tolkien','Minotauro',2020,'Fantasía','Español',288,15.95,5,25,'El viaje de Bilbo Bolsón hacia la Montaña Solitaria junto a una compañía de enanos.','https://images.justwatch.com/poster/139646151/s332/el-hobbit-la-batalla-de-los-cinco-ejercitos.jpg',true);
insert into libro (isbn, titulo, autor, editorial, anio_publicacion, genero, idioma, numero_paginas, precio, descuento, stock, descripcion, imagen_url, disponible) values ('9788408172173','La sombra del viento','Carlos Ruiz Zafón','Planeta',2016,'Misterio','Español',576,12.95,0,22,'Un joven descubre un libro olvidado que cambiará su vida en la Barcelona de posguerra.','https://proassetspdlcom.cdnstatics2.com/usuaris/libros/thumbs/cb9143ec-a50c-4b68-8110-6b5d6dc551ca/d_295_510/portada___201609051317.webp',true);
insert into libro (isbn, titulo, autor, editorial, anio_publicacion, genero, idioma, numero_paginas, precio, descuento, stock, descripcion, imagen_url, disponible) values ('9788497599242','Fundación','Isaac Asimov','Debolsillo',2010,'Ciencia Ficción','Español',272,10.95,12,16,'Hari Seldon crea una fundación para preservar el conocimiento ante la caída del Imperio Galáctico.','https://http2.mlstatic.com/D_Q_NP_2X_800807-MCO75397819718_042024-E.webp',true);
insert into libro (isbn, titulo, autor, editorial, anio_publicacion, genero, idioma, numero_paginas, precio, descuento, stock, descripcion, imagen_url, disponible) values ('9788401352836','El nombre del viento','Patrick Rothfuss','Plaza y Janés',2009,'Fantasía','Español',880,23.90,0,14,'Kvothe narra la historia de su vida, marcada por la magia, la música y la leyenda.','https://http2.mlstatic.com/D_Q_NP_2X_768699-MLA79764857611_102024-V.webp',true);
insert into libro (isbn, titulo, autor, editorial, anio_publicacion, genero, idioma, numero_paginas, precio, descuento, stock, descripcion, imagen_url, disponible) values ('9788427202122','Los juegos del hambre','Suzanne Collins','Molino',2012,'Juvenil','Español',400,18.00,0,28,'Katniss Everdeen participa en una competición mortal televisada por el Capitolio.','https://covers.openlibrary.org/b/isbn/9788427202122-L.jpg',true);
insert into libro (isbn, titulo, autor, editorial, anio_publicacion, genero, idioma, numero_paginas, precio, descuento, stock, descripcion, imagen_url, disponible) values ('9788466664417','Reina Roja','Juan Gómez-Jurado','Ediciones B',2018,'Thriller','Español',568,21.90,8,19,'Antonia Scott y Jon Gutiérrez investigan un caso imposible lleno de tensión.','https://covers.openlibrary.org/b/isbn/9788466664417-L.jpg',true);

insert into linea_pedido (id_linea_pedido, pedido_id, libro_isbn, cantidad, precio_unitario) values (1,1,'9788408274129',1,22.95);
insert into linea_pedido (id_linea_pedido, pedido_id, libro_isbn, cantidad, precio_unitario) values (2,1,'9788445006547',2,14.95);
insert into linea_pedido (id_linea_pedido, pedido_id, libro_isbn, cantidad, precio_unitario) values (3,2,'9788466353771',1,18.50);
alter sequence linea_pedido_seq restart with 4;
